{"video-18-frame-1549.jpg": [155, 153.99999999999994], "video-18-frame-318.jpg": [155, 153.99999999999994], "video-18-frame-1457.jpg": [156.99999999999997, 155.99999999999991], "video-18-frame-1335.jpg": [155, 155.99999999999991], "video-18-frame-1211.jpg": [155, 153.99999999999994], "video-18-frame-1256.jpg": [156.27767174005848, 149.5109103720306], "video-18-frame-866.jpg": [161, 153.99999999999994], "video-18-frame-474.jpg": [161, 147.99999999999994], "video-18-frame-1005.jpg": [153, 151.99999999999994], "video-18-frame-1421.jpg": [155, 157.99999999999994], "video-18-frame-1587.jpg": [155, 163.99999999999994], "video-18-frame-999.jpg": [153, 151.99999999999994], "video-18-frame-898.jpg": [161, 157.99999999999994], "video-18-frame-280.jpg": [161, 157.99999999999994], "video-18-frame-1113.jpg": [155, 155.99999999999991], "video-18-frame-1417.jpg": [155, 157.99999999999994], "video-18-frame-224.jpg": [160.94299110704122, 155.0409269980465], "video-18-frame-947.jpg": [155, 153.99999999999994], "video-18-frame-376.jpg": [159, 145.99999999999994], "video-18-frame-498.jpg": [161, 151.99999999999994], "video-18-frame-1072.jpg": [158.41092339328952, 151.5142058441774], "video-18-frame-546.jpg": [153, 147.99999999999994], "video-18-frame-1463.jpg": [156.8506044575201, 155.66825457540375], "video-18-frame-1240.jpg": [157.3104439653368, 147.29570716887247], "video-18-frame-511.jpg": [155, 151.99999999999994], "video-18-frame-956.jpg": [156.99999999999997, 151.99999999999994], "video-18-frame-1537.jpg": [155, 155.99999999999991], "video-18-frame-964.jpg": [159, 159.99999999999994], "video-18-frame-543.jpg": [153, 147.99999999999994], "video-18-frame-1507.jpg": [155, 155.99999999999991], "video-18-frame-1229.jpg": [159, 151.99999999999994], "video-18-frame-124.jpg": [161, 147.99999999999994], "video-18-frame-1305.jpg": [156.11968392327665, 148.029499610797], "video-18-frame-1083.jpg": [153, 151.99999999999994], "video-18-frame-1183.jpg": [155.9531590761854, 150.04849130634994], "video-18-frame-1206.jpg": [155, 153.99999999999994], "video-18-frame-1590.jpg": [156.99999999999997, 163.99999999999994], "video-18-frame-870.jpg": [161, 153.99999999999994], "video-18-frame-935.jpg": [156.99999999999997, 155.99999999999991], "video-18-frame-265.jpg": [156.99999999999997, 159.99999999999994], "video-18-frame-1095.jpg": [151, 157.99999999999994], "video-18-frame-723.jpg": [161, 153.99999999999994], "video-18-frame-486.jpg": [159, 153.99999999999994], "video-18-frame-1467.jpg": [158.7454751306411, 154.93130662760424], "video-18-frame-78.jpg": [159, 157.99999999999994], "video-18-frame-637.jpg": [159, 155.99999999999991], "video-18-frame-885.jpg": [161, 157.99999999999994], "video-18-frame-1135.jpg": [155, 155.99999999999991], "video-18-frame-930.jpg": [156.99999999999997, 155.99999999999991], "video-18-frame-1373.jpg": [159, 151.99999999999994], "video-18-frame-1273.jpg": [157.91037144561489, 151.22838882408402], "video-18-frame-472.jpg": [161, 147.99999999999994], "video-18-frame-1291.jpg": [155, 157.99999999999994], "video-18-frame-544.jpg": [153, 147.99999999999994], "video-18-frame-795.jpg": [163, 151.99999999999994], "video-18-frame-1506.jpg": [155, 155.99999999999991], "video-18-frame-887.jpg": [161, 157.99999999999994], "video-18-frame-1120.jpg": [155, 155.99999999999991], "video-18-frame-722.jpg": [161, 153.99999999999994], "video-18-frame-996.jpg": [153, 149.99999999999994], "video-18-frame-912.jpg": [159, 157.99999999999994], "video-18-frame-1278.jpg": [155, 157.99999999999994], "video-18-frame-1481.jpg": [161, 151.99999999999994], "video-18-frame-1362.jpg": [157.51657384170363, 147.37104545077818], "video-18-frame-1424.jpg": [155, 157.99999999999994], "video-18-frame-811.jpg": [161, 151.99999999999994], "video-18-frame-1075.jpg": [157.63019717341294, 157.60601423313665], "video-18-frame-1269.jpg": [157.97590805519803, 149.44120913895566], "video-18-frame-520.jpg": [155, 159.99999999999994], "video-18-frame-884.jpg": [161, 157.99999999999994], "video-18-frame-1004.jpg": [153, 151.99999999999994], "video-18-frame-878.jpg": [161, 153.99999999999994], "video-18-frame-1496.jpg": [159, 153.99999999999994], "video-18-frame-1087.jpg": [153, 153.99999999999994], "video-18-frame-894.jpg": [161, 157.99999999999994], "video-18-frame-1462.jpg": [158.31320880124787, 151.99672976608025], "video-18-frame-847.jpg": [161, 153.99999999999994], "video-18-frame-1577.jpg": [159, 149.99999999999994], "video-18-frame-1212.jpg": [155, 153.99999999999994], "video-18-frame-103.jpg": [159, 161.99999999999994], "video-18-frame-1304.jpg": [156.34209645630034, 147.60480377911588], "video-18-frame-1509.jpg": [155, 155.99999999999991], "video-18-frame-626.jpg": [159, 147.99999999999994], "video-18-frame-851.jpg": [161, 153.99999999999994], "video-18-frame-1184.jpg": [156.39287067356017, 155.85268771462577], "video-18-frame-272.jpg": [156.99999999999997, 159.99999999999994], "video-18-frame-1002.jpg": [153, 151.99999999999994], "video-18-frame-1193.jpg": [159.00430827223633, 144.86097247272673], "video-18-frame-714.jpg": [161, 153.99999999999994], "video-18-frame-253.jpg": [156.99999999999997, 147.99999999999994], "video-18-frame-1267.jpg": [157.13639327305106, 145.21626636790927], "video-18-frame-852.jpg": [161, 153.99999999999994], "video-18-frame-1271.jpg": [158.43389882571762, 149.28132692498485], "video-18-frame-1413.jpg": [155, 157.99999999999994], "video-18-frame-1007.jpg": [153, 151.99999999999994], "video-18-frame-1116.jpg": [155, 155.99999999999991], "video-18-frame-1207.jpg": [155, 153.99999999999994], "video-18-frame-183.jpg": [158.09100705441998, 153.31458849523548], "video-18-frame-1015.jpg": [158.71391193693185, 148.02941577375887], "video-18-frame-1585.jpg": [159, 155.99999999999991]}